id,score
0000aaaa,3.037863442976796
2222bbbb,1.803158173615609
4444cccc,2.665695142960415
